StudentID,StudentName
1211100001,Ross Clark
1211100002,Shelia Johnson
1211100003,Darryl Douglas
1211100004,Edwin Torres
1211100005,Jermaine Taylor
1211100006,Rebecca Hale
1211100007,Toby Turner
1211100008,Andres Quinn
1211100009,Craig Scott
1211100010,Fannie Fowler
1211100011,Lori Tate
1211100012,Jessie Cook
1211100013,Barry Pratt
1211100014,Bernard Cooper
1211100015,Dawn Kim
1211100016,Wendy Hampton
1211100017,Cristina Houston
1211100018,Elijah Robinson
1211100019,Celia Hubbard
1211100020,Guadalupe Summers
1211100021,Perry Wood
1211100022,Henrietta Norris
1211100023,Edna Nichols
1211100024,Tanya Leonard
1211100025,Kim Ramsey
1211100026,Mathew Jennings
1211100027,Gretchen Martinez
1211100028,Jorge Baldwin
1211100029,Donna Carter
1211100030,Jamie Austin
1211100031,Lula Guzman
1211100032,Rosie Lowe
1211100033,Kelley Todd
1211100034,Lela Gilbert
1211100035,Derek Simmons
1211100036,Enrique Barnett
1211100037,Nicolas Ward
1211100038,Rachel Rodriquez
1211100039,Irvin Boone
1211100040,Ray Webb
1211100041,Beatrice Harrington
1211100042,Doreen Sherman
1211100043,Alan Reid
1211100044,Bob Marsh
1211100045,Cheryl Rice
1211100046,Roderick Mason
1211100047,Boyd Padilla
1211100048,Kelli Lindsey
1211100049,Dustin Mann
1211100050,Guillermo Watkins
